{
  "mean": {
    "age": 16.455,
    "weight": 53.8565,
    "height": 162.21,
    "active_intensity": 3.005,
    "sleep_per_week": 46.62,
    "sumw": 14.92
  },
  "std": {
    "age": 1.023707,
    "weight": 12.187004,
    "height": 7.629279,
    "active_intensity": 0.885988,
    "sleep_per_week": 6.630656,
    "sumw": 6.329581
  }
}