{
  "features": [
    "sex",
    "age",
    "weight",
    "height",
    "active_intensity",
    "sleep_per_week",
    "sumw"
  ],
  "bias": [
    0.4256549898607349,
    1.3718446164113907,
    -1.7974996062721253
  ],
  "coef": [
    [
      0.018003239882278622,
      0.13126284681778683,
      -1.1904653597710837,
      0.26857088223534664,
      0.1248505157010579,
      -0.11430760152829768,
      -1.6306705758382736
    ],
    [
      -0.23014472827241803,
      0.018572202303487113,
      0.17916826370543049,
      -0.1527619889950474,
      0.2363493324618863,
      -0.3785841360483421,
      0.2840689860596467
    ],
    [
      0.21214148839013963,
      -0.14983504912127374,
      1.0112970960656527,
      -0.11580889324029967,
      -0.3611998481629445,
      0.49289173757664,
      1.3466015897786268
    ]
  ]
}