{
  "features": [
    "sex",
    "height",
    "active_intensity",
    "sleep_per_week",
    "sumw"
  ],
  "bias": [
    0.4477157460522572,
    -0.0624190808550419,
    -0.3852966651972154
  ],
  "coef": [
    [
      -0.20942897970184116,
      0.5902667106280829,
      -0.053465166851965826,
      -0.24625761287897702,
      0.32690451864462805
    ],
    [
      0.2484827968747177,
      0.2256377304832272,
      -0.20114439307745896,
      0.14429305869165646,
      -0.21427593247230686
    ],
    [
      -0.03905381717287655,
      -0.8159044411113099,
      0.25460955992942486,
      0.10196455418732074,
      -0.11262858617232051
    ]
  ]
}