{
  "features": [
    "active_intensity",
    "sleep_per_week",
    "sumw"
  ],
  "bias": [
    -0.034262293467535156,
    1.0665295919241904,
    -1.0322672984566592
  ],
  "coef": [
    [
      0.5370720854237492,
      0.18831657167080063,
      -1.9956670611722718
    ],
    [
      0.2166864540327352,
      -0.11148235184702396,
      0.30685278469828964
    ],
    [
      -0.7537585394564847,
      -0.07683421982377685,
      1.6888142764739826
    ]
  ]
}