{
  "features": [
    "sex",
    "active_intensity",
    "sleep_per_week",
    "sumw"
  ],
  "bias": [
    -0.20402014238846378,
    1.2788949305765898,
    -1.0748747881881269
  ],
  "coef": [
    [
      0.27822828079048034,
      0.45493199090542286,
      0.536405783213197,
      -1.9184972673131515
    ],
    [
      -0.41306855189575414,
      0.24956323117849344,
      -0.2731705914130003,
      0.2820280678486335
    ],
    [
      0.1348402711052733,
      -0.7044952220839162,
      -0.2632351918001965,
      1.6364691994645182
    ]
  ]
}