{
  "features": [
    "sex",
    "active_intensity",
    "sleep_per_week",
    "sumw"
  ],
  "bias": [
    -0.1574794857540424,
    1.250065445020538,
    -1.0925859592664957
  ],
  "coef": [
    [
      0.2353687510964586,
      0.5209538299285625,
      0.2205335769260536,
      -1.9814307497629315
    ],
    [
      -0.3870985267088993,
      0.21279414193662236,
      -0.12442793554731485,
      0.3114658268318084
    ],
    [
      0.1517297756124411,
      -0.7337479718651844,
      -0.09610564137873819,
      1.6699649229311229
    ]
  ]
}